,TICKER,EPS,PE,PEG,PS,DER,PASS
0,A,3.936,40.77185600275292,-0.1600486023257477,4.590756317500647,0.5235394214407261,False
1,AA,-8.16,-7.585314004978617,0.0031951438704078245,0.3945514658933188,0.3572558323448003,False
2,AAP,6.5280000000000005,23.50194825823382,-0.3098913178408056,0.27752716021478274,1.3634122035738594,False
3,AAPL,5.95,27.255603729089675,-11.248836960903473,7.162323793827223,2.3695334701610355,False
4,ABT,2.93,36.24801075441833,-7.764691529450575,4.177456360603083,0.48290901161205907,False
5,ACGL,5.8999999999999995,148.98142252051105,5.758309364318848,2.6734620218170386,0.2111072493548255,False
6,ACI,2.4066666666666667,11.608939825877357,-0.4794642925262449,0.15587623211045595,9.28857018687527,False
7,ACN,10.696,28.37338161421318,-1.3251901316846528,2.9335105235898618,0.12256465702369443,False
8,ADBE,10.823999999999998,37.0865712005565,1.8676898980819383,13.220575632537983,0.32972742153583373,True
9,ADCT,-2.27,-1.607755198485422,0.15360440107492285,0.5519589859358777,1.3228780416333248,False
10,ADI,7.040000000000001,24.91924287529286,1.726507012049357,6.508519089229717,0.1795849991511113,True
11,ADM,7.49,10.919194043463904,-1.4372109585120998,0.39024977999689814,0.3775136735617058,False
12,ADP,8.2,28.066632148783576,inf,5.804559365969531,0.9514975349804793,True
13,ADSK,3.912,55.964156183973955,3.671310447244083,8.405379955592034,2.3283842794759826,False
14,ADTN,-0.95,-3.528508188966595,0.2637656631326318,0.4207941450253496,0.14412779362540107,False
15,AEE,4.27,22.742991316951425,-0.12399938893435625,2.4763256061168253,1.4365245527217358,False
16,AEG,-0.9333333333333332,10.11534433516245,-0.022846154066232534,-0.036814291407702926,0.4803448019618043,False
17,AEM,5.14,28.522870178094117,0.8364885863708275,4.091516637429425,0.09195125157430004,True
18,AEP,3.85,24.67111663289826,-0.5128906068945288,1.95485732190151,1.6908560522989613,False
19,AES,-0.6100000000000002,-13.334403959328515,0.008839635090535746,0.718653905282977,9.642183011899878,False
20,AFG,9.999284,12.843349865285877,0.9088089242831778,1.2146327005162378,0.36920039486673245,False
21,AFL,7.49,19.508178729305303,0.8360891637437732,2.4841257726021566,0.3695134061569017,False
22,AG,-0.57,-21.816863596170872,0.7143749892711636,2.605111923836196,0.17568578712646088,False
23,AGE,-0.3,-2.2798734968380323,-0.16391665985186876,689.5144790490365,-1.0529862886358354,False
24,AGO,5.1,23.380297722560996,0.7373448697669568,12.439626058990276,0.3307661927330174,True
25,AGR,1.5,31.409067444395607,-1.6988889199716068,1.510783617467418,0.4842105263157895,False
26,AIG,6.08,115.09977878499727,-0.046834013153906576,0.846681241243366,0.6794410279486026,False
27,AIT,8.84,14.517592049813544,0.8066156730274768,1.353197813550992,0.42654979268902254,False
28,AIV,-1.2300000000000002,-32.565259016537176,0.009147869913201583,5.21344878829086,2.1225148397742455,False
29,AIZ,6.429999999999999,77.36771079948868,2.725692367948607,0.7323866820987045,0.5036772530564949,False
30,AJG,5.130000000000001,45.73326898234693,-3.2073774738472114,5.398764191115729,0.7015945579421672,False
31,AKAM,2.96,28.43862658305507,1.5502941117567182,4.312722821315065,0.7280919373412196,False
32,AKZOY,0.5899409999999999,108.28654772657366,0.9745170710629892,1.0611566132931014,1.3558735287329795,False
33,AL,4.2700000000000005,8.87073583378767,0.47376389238569455,1.5497639457985581,2.8046918292004213,False
34,ALB,33.24,7.4086885758528975,-0.22944325545532535,1.69760852189212,0.40301269243821614,False
35,ALE,3.4099999999999997,17.794758068362356,0.6157052940589735,1.6236734191545672,0.718191611872655,False
36,ALEX,-0.65,33.659180856886366,0.9211111068725586,4.570168243686569,0.4606546297190306,False
37,ALKS,0.5699999999999998,-18.71948305340515,-0.11160147723712284,3.4714171036197916,0.28097643791203475,False
38,ALL,-10.35,-16.89194526626264,-0.23554867614293903,0.5902122646453167,0.4557367668097282,False
39,ALTR,-0.5800000000000001,-228.160716238476,0.5264285859607517,8.604688113554062,0.5968817136357892,False
40,ALV,4.479308,21.633374736951485,-0.1399597049744661,0.8339203715039472,0.7359357060849598,False
41,ALX,20.22,16.262724665532616,0.2317291046725834,4.224809799035712,4.613342973966064,False
42,AM,0.7000000000000001,14.927492149515091,2.4300000807818285,5.658148679979956,1.5332091421043845,False
43,AMAT,7.544,15.154862538940629,inf,4.243283406395712,0.4475151713957684,True
44,AMCR,0.704,17.801351627082372,-0.6652167054914657,0.8377417061359126,1.6493887530562348,False
45,AMD,-0.01999999999999999,787.0312399334377,-3.9600000381469727,7.522508131907383,0.05229223744292238,False
46,AME,5.34,26.205995701479978,2.797286912032298,5.0894823826490585,0.31899995612927523,True
47,AMG,26.889999999999997,8.54344851022947,0.7212549504779632,2.0252759706985435,0.784849704361824,False
48,AMGN,14.83,17.25155753106546,-0.258062468510088,5.625162856887856,10.63780387872166,False
49,AMH,0.9800000000000001,36.43591906800472,1.2168544465368918,9.00415117395742,0.6951981277056127,False
50,AMP,21.29,15.206041608911125,0.31762629367745654,2.1789551357510413,1.4904511486299474,False
51,AMR,56.81,2.6593201448646235,-0.13815932701660508,0.8489494312109798,0.007676140317746747,False
52,AMT,2.0700000000000003,27.94916071795743,-0.38994657565385865,6.838496984757025,8.44357906826502,False
53,AMX,27.536251999999998,0.759037773853393,0.0231892160661928,0.06340449807663322,0.35887405793587873,False
54,AMZN,1.27,237.37409271867676,1.772442084942085,2.410488477717484,0.9594297569893798,False
55,AN,24.116567,5.273698308929077,-0.8378291389344018,0.22112084948403882,3.1344857896278935,False
56,ANF,1.44,-17.232041781598873,-0.10110722833024315,0.8398469444039766,1.761830404365891,False
57,ANSS,6.0,61.541821676160865,-1.3436363451408617,11.430993357122354,0.15486992922717938,False
58,APA,4.67,8.270680538306763,-1.6427225902676539,1.4619824620641708,12.891252955082741,False
59,APD,9.829999999999998,29.130723575893995,11.858570392987241,4.785189400473493,0.5816189896530737,True
60,APH,3.0700000000000003,25.422913679102003,-2.580749964714048,3.897135321660792,0.6525029933291522,False
61,ARE,3.37,64.95455916228599,-0.052944980187438685,6.018055237048713,0.5355025701299473,False
62,ARI,0.7699999999999999,-10.197032190070942,0.006505689150765633,8.085396292199752,0.9761198112213868,False
63,ARW,19.65,6.134764000416916,-0.15667965104306333,0.17645765968995533,0.6802387585220353,False
64,ASH,4.38,24.612393654443743,-2.1459567583524253,1.7144016636819412,0.4295031055900621,False
65,ASML,18.77,31.3009508568703,1.8645064194441412,9.060708700057695,0.3774942406521354,True
66,ASO,7.208,7.879868167164389,-0.47275097182972103,0.5467207800836257,1.086235019707598,False
67,ASX,21.1,0.42448018754056777,-0.001296532442420158,0.0268714960678656,0.6450466411107643,False
68,ATI,1.95,17.899796941357977,0.8236428760346909,1.1249076507106945,1.6712878860311693,False
69,ATO,5.84,26.68738615382257,1.0914158523218631,4.254972728063343,0.8649529981183959,True
70,ATR,3.7600000000000002,29.923641417434503,0.8458024582710891,2.3716776970081903,0.5722615370009275,False
71,ATVI,2.7299999999999995,30.74124372054353,1.3160669208143316,8.647104145936435,0.1876526529127475,False
72,AU,0.2,-25.039062400658928,0.10308238863945007,1.8746652305300948,0.5295121951219512,False
73,AVB,8.889999999999999,23.700511377662263,-0.35942085040326255,8.921298774940174,0.7389706166576903,False
74,AVID,0.73,-207.49841334062245,0.05820820878098557,2.799084673985476,-1.7101749423313297,False
75,AVT,8.27,5.426530388199728,-0.31441242593557744,0.16039410217682795,0.694719686914219,False
76,AVY,6.94,27.51412633546854,-0.1279477398628997,1.6531127047090044,1.5264737722665092,False
77,AXP,9.83,15.918617314900699,0.9395843227865242,1.8295143060730477,1.76,False
78,AXS,3.96,-4.504974842929192,-0.5486664608838087,0.8823666680296715,0.3224801774172344,False
79,AYI,11.4,15.603255566323515,-0.3643812379456598,1.2894563173995803,0.2459065197975588,False
80,AZ,-0.77,-2.4097368116156335,0.1309848522598093,4.058185877074435,0.49754067347710934,False
81,AZN,1.98,36.59627593164419,2.5461428642272987,4.449453569574793,0.7892647892647893,False
82,AZO,138.19999999999996,18.756327190021263,1.0212074908898543,2.5431547040076077,-0.6706016284534749,False
83,BA,-7.49,-84.9309001560456,0.002630563590442344,1.4875138578195146,-3.588805641251653,False
84,BAC,3.504,8.470097608276422,0.9320987889796128,2.0750627253310925,1.1087749865481686,False
85,BAK,-8.537845,0.32465530677059873,0.020355615621623933,0.037023883977122064,7.351543294181917,False
86,BAP,64.887662,2.1079892861643197,0.26576143704887245,0.5183706477051715,0.8934388905527412,False
87,BAX,-5.66,26.280734347960877,0.0011652063859578787,1.1030559986363782,2.950968626778673,False
88,BBD,1.43,3.6698622044553395,-0.03980769302982549,0.29152495697641356,2.2065900991422267,False
89,BBY,5.728,14.283605364021222,-1.7819445221512389,0.35060377002392257,1.4232558139534883,False
90,BC,7.61,10.30584927176189,-0.471041644703258,0.7490675738423787,1.228516868236792,False
91,BCE,2.5200000000000005,19.352948058555036,-0.12130862642184427,1.3721287951420331,1.4392641356299034,False
92,BCH,2614.0,0.007584624979123952,-0.0030896205490543844,0.0035930726960770256,2.141987413357484,False
93,BCO,2.35,30.443421532126035,0.7352499791554044,0.66372999076003,6.405997895475272,False
94,BCS,1.430581,5.404387370005922,-0.4208925337025973,1.080252976834021,1.8201839161248756,False
95,BDC,6.699999999999999,12.376018657832486,-0.17088760896224273,1.1395949600994484,1.067729006982435,False
96,BDN,0.14,-5.901041794933526,0.10546875,1.3278737291881035,1.2230344875100885,False
97,BDX,5.51,46.80103059586018,1.871595865181783,3.9417256893256463,0.634955140113039,False
98,BE,-1.19,-16.493839647523636,-5.1587096183530745,2.242573080870869,2.991971289142166,False
99,BEBE,0.013333333333333334,51.8333355585734,,0.8167268647384403,0.6821791281815522,False
100,BEN,1.6,16.44574337091978,-2.5730435329934847,1.442895150528472,0.8159325815278964,False
101,BG,12.94,7.655644509165047,0.21191723064246432,0.24046723408923468,0.5647850542386501,False
102,BHE,1.8699999999999999,14.08882523495059,-0.32561321656980274,0.28153784659837433,0.40104304687378217,False
103,BIDU,42.8,-6.600194852214045,-0.3142488156112066,0.2852857727831417,0.4087829674509348,False
104,BIIB,18.37,17.506810178069674,-0.09191539679532293,3.7398902739780846,0.49400973977473034,False
105,BIO,-15.010000000000002,8.533462357868265,-0.2195311493697391,3.2784903041288302,0.12461254265618832,False
106,BJ,3.8,19.149956319848673,-2.724004782519294,0.472885931363046,2.950707703300514,False
107,BK,3.43,15.516514475676912,0.35274725693922776,1.9519687413950169,0.7574753277360436,False
108,BKD,-0.5,-17.210656402584835,0.010948717899811574,0.24708894069354403,8.39802782331082,False
109,BKH,3.7300000000000004,24.846238074669458,-0.5776194243403202,2.73522154080812,1.5586229049057518,False
110,BLK,34.202999999999996,19.34287508268223,-8.842182127963762,5.2770991400908684,0.2249099194573972,False
111,BMO,9.623999999999999,25.829056548314462,12.481717486259228,1.839690313365314,3.1341113207015963,False
112,BMY,3.76,18.76384255917197,0.9774874496459961,2.6342820063101433,1.310872154792183,False
113,BN,0.08999999999999997,110.87385887685029,-0.04919014658246722,0.5321428591664519,4.8927844947775005,False
114,BNL,0.89,19.203906298748084,0.48531249165534973,6.2353499275475395,0.6541301773923525,False
115,BNS,6.792,7.860382828527096,-0.33713824465653125,1.5896232453892174,4.245203141003755,False
116,BOH,5.04,12.111174876043073,-1.0407031625509267,2.600962856831139,0.38786783548912485,False
117,BOKF,9.53,9.252661352143905,-4.347245719515055,2.3230949445553906,1.0396066414544418,False
118,BOX,0.136,96.9491637547811,-2.4100000063578286,3.4226383404394127,-16.66879300670388,False
119,BP,6.118799999999999,2.564674322226572,-0.04846115184727689,0.5083915628360782,0.8214735096886889,False
120,BPOP,13.580000000000002,5.358753262726098,-0.018436402884143135,1.5039483288186923,0.30578549747460865,False
121,BR,5.290000000000001,48.28826555652843,1.0159172358226578,3.442807173224521,1.523341961974471,False
122,BRC,3.32,15.244217044358916,,1.9119256213665856,0.08139817684391963,False
123,BRO,2.5799999999999996,24.319417537226677,1.7772631444429088,4.808208229743859,0.898276386054791,False
124,BRP,-1.91,-16.191400101084515,2.0426356884860266,1.178894687931194,2.308945509320774,False
125,BRY,3.4899999999999998,-4.091961603863534,-0.0013155376961347114,0.6935488347447756,0.4964502770195569,False
126,BSX,0.6,85.79439312692674,2.4206249713897705,5.481825002167856,0.5281666097644248,False
127,BSY,0.49000000000000005,86.41540206613995,3.1864583492279057,12.690530410467371,3.1829559144478394,False
128,BTM,-0.7132719999999999,2.0750123076463503,0.032006661180201956,0.04954483240249894,8.680702997052364,False
129,BTU,9.08,3.1955187279387074,-0.025953844156041177,0.5975956253244119,0.10670627920651131,False
130,BUD,3.11,32.60045310607115,-0.05005998939788772,1.7881238139262878,1.0898253358402137,False
131,BVN,0.41,-16.76373813494488,0.12618750035762785,2.7572890815918427,0.2337979626767702,False
132,BWA,4.047377,9.527345627142832,-0.17871235567947918,0.5389916097471755,0.5852713178294574,False
133,BXP,4.23,19.602864098968013,-0.03313968495034698,2.7154288021963806,2.3959809350164254,False
134,BYD,6.909999999999999,8.495724352439698,0.35862736095855036,1.6194510083827538,2.449744597249509,False
135,BZH,6.17,3.3557631881166277,-0.00869516217599886,0.30891894101580153,1.058940514390718,False
136,C,6.31,7.5660895569235525,-0.2833389446047919,1.0031924948308337,1.5840925696732924,False
137,CAG,1.672,18.247731617959936,-0.4336332966046161,1.064820056441513,1.0489820943989645,False
138,CAH,0.9900000000000001,-19.29354507175844,0.16028846227205718,0.11109455516726965,-1.648895124517713,False
139,CAKE,1.31,-59.087902261510074,-1.3844348150750865,0.4645266011950124,6.303455786413153,False
140,CAL,4.4079999999999995,5.963680003778604,-0.10354103807411416,0.3319972245511465,2.1099616575901567,False
141,CASY,13.151999999999997,20.70951903572213,1.3207641851436345,0.6515732812588088,0.6289305008595593,False
142,CAT,16.07,14.53751461170184,0.33388372465621596,2.0208648378861644,2.3311487806415023,False
143,CATY,5.28,6.870261241171263,-1.3023491753472223,2.908103222140376,0.2664686100467252,False
144,CB,13.92,15.73284634892795,0.4254318748883251,1.8338232984893512,0.2943609022556391,False
145,CBD,-7.6851959999999995,-0.5980605324297426,-0.026727841996084092,0.005229213452533131,0.8575140753572975,False
146,CBL,-1.05,69.4342755269434,-0.45634841513126445,1.1938869965602394,5.69654100355966,False
147,CBRL,4.736,25.783363529146413,1.3091156628667093,0.4414459453970497,2.3093411874128043,False
148,CBSH,3.991429,15.1039051662755,3.5755889933077114,3.581091502129424,0.0039232690988609455,False
149,CBT,5.29,13.485503033285731,-0.6632019390766352,0.9364220561491041,1.6069042316258353,False
150,CC,-0.6200000000000001,-1.2517117483384315,0.025289049895248293,0.5941031357876811,3.4444444444444446,False
151,CCI,3.9399999999999995,33.81898490778221,4.889739149624535,5.228280501417333,3.7535239629480466,False
152,CCJ,0.21000000000000008,2.3474524418513028,-0.49706250429153437,8.287187976060087,0.17083460845290327,False
153,CCK,3.9600000000000004,21.970951602043606,1.0014084754799897,0.7800698433428577,3.773391022174148,False
154,CCL,-2.79,-4.798473960070625,,0.7692630571677086,5.0794167610419025,False
155,CCU,641.4200000000001,-0.03407358561315957,5.383219532470528e-05,0.0007638331373052286,1.0437498567423833,False
156,CD,2.2600000000000002,3.7042293007985263,-0.3060606031706836,0.5688915191447046,0.7934571844091884,False
157,CDE,-0.19999999999999998,-4.79162353536763,0.037012987838679075,1.3082806254638313,0.5803416361460311,False
158,CDNS,3.2600000000000002,59.208397491965165,3.743730035842273,17.11485587072255,0.2725126433775222,False
159,CE,11.61,15.937246425385787,0.9977109485668153,1.229718771556659,2.668618059251375,False
160,CECO,0.47,34.335700761188164,0.8112500349680583,1.189796656431651,0.5611797921434736,False
161,CEG,2.383976,59.26762414927554,-0.29842274290959026,1.3911884553871383,0.5235069885641678,False
162,CEI,-0.19999999999999998,-33.63888942533069,0.034722222222222224,1.7438477739920006,2.1206686317947967,False
163,CFFN,0.43,18.44588756174236,-0.11116071684019904,3.1740868465799106,1.9445106653084043,False
164,CFR,10.67,11.147214692164283,-2.626957874960892,2.831351166332962,0.07089703538412497,False
165,CG,1.13,6.9899617969101016,0.021780719409336697,4.142416131116029,1.395241922520495,False
166,CGA,-0.38666666666666666,3.8271615534652903,-0.11958332856496175,0.23090687215190944,0.03766543907104363,False
167,CGNX,0.99,54.249924901379735,1.2855733319332725,7.137784040984271,0.027636377793566994,False
168,CHD,1.7899999999999998,12.11358875167902,1.6088462088272153,3.9394024082287444,0.7660677956388435,False
169,CHE,14.999999999999998,33.92262451137401,-3.7534920425011395,3.5321154256668006,0.3092579956555217,False
170,CHH,5.5600000000000005,21.950664122484103,-1.2209999625747257,3.7446018279412305,8.240766843398422,False
171,CHK,42.449999999999996,3.5972117986336083,-0.030991923754580267,1.1675603573020747,0.3389960543621219,False
172,CHRS,-3.3200000000000003,-2.230894494054798,0.017105855244739353,2.1638174496078477,-3.427920650860877,False
173,CHRW,4.3500000000000005,24.184289862559265,-0.11295479268860903,0.5008471254084758,1.7445911179218307,False
174,CHS,1.1280000000000001,8.087240636795936,0.13066666804107968,0.4314580683350111,1.6434945312290508,False
175,CHT,48.2,0.7764408696655585,0.13423376162190057,0.12666461673901364,0.11404583381345568,False
176,CI,21.957604000000003,14.513876494807098,-0.09394500227134751,0.4885142400565132,0.6929265466215011,False
177,CIB,26820.656937,0.0009677990093713109,-7.781994834314934e-05,0.0002378939318747554,1.0532118028484965,False
178,CIEN,1.24,64.8258015265637,2.8428572350805936,1.5229578503640027,0.4163029362728131,False
179,CIG,2.3818409999999997,0.9314614461795099,0.16310723315551431,0.1592220290281715,0.5019973368841545,False
180,CINF,8.559999999999999,5.627875669913237,-0.04762323174149707,1.799885408037854,0.08460734972937042,False
181,CL,1.8,518.9582601681843,-1.0171332046332044,3.246351454274636,21.860349127182044,False
182,CLF,0.44000000000000006,-8.50777388689775,0.20473911476654497,0.33913428206597196,0.5283511564287491,False
183,CLS,1.38,9.44875244118132,0.2904354301658835,0.39831799255423184,0.4685581450795732,False
184,CLX,1.19,24.130987258063893,0.9057720545175914,2.070241129190869,13.290909090909091,False
185,CM,5.328,11.751216864889335,-0.3354652882832122,1.446777803231398,3.7355572826368544,False
186,CMA,9.58,5.761807503491346,-0.23290579682689594,1.2778569771251853,1.2034356301872224,False
187,CMC,8.09,5.944645379038429,-0.19893302747181485,0.5265343285352906,0.45707697986456686,False
188,CMCSA,1.5799999999999998,6.579724117436046,-0.034410627929813864,1.4662079723743093,1.171330442410091,False
189,CME,8.190000000000001,22.291481795565986,1.8768974571658688,14.69570786583727,0.12792285341180934,True
190,CMI,17.849999999999998,13.63534225734378,0.40856687985383133,0.9685664141604382,0.8752089136490251,False
191,CMS,2.49522,24.4589860294247,1.6019973732350519,1.9428843901519313,2.0397719173200284,False
192,CNA,3.51,12.376501498551027,0.3581187158166672,0.8588269952236405,0.3151274787535411,False
193,CNET,-1.37,-2.0374708070225243,0.026011904222624647,0.2279128907014803,0.17150524518175164,False
194,CNF,14.6,0.8207291653140998,inf,0.1739242356392302,1.9941959572762393,False
195,CNI,7.81,15.065975139529362,-0.6029133239444056,4.0132562047435245,0.737467265245043,False
196,CNO,1.9100000000000001,-131.23468219053376,-0.117020752549317,0.6714656744262367,2.7719160479725873,False
197,CNP,1.1500000000000001,30.069082000668793,-0.3070897469153772,1.9317874766302927,1.6780487804878048,False
198,CNQ,6.790000000000001,8.36522679756909,-0.05275151855041359,1.7339228234957462,0.29980353634577606,False
199,CNX,9.48,0.47640886722848974,-0.008854824409150242,1.6989425768661084,0.8094080891087867,False
200,COF,13.059999999999999,7.832946068722673,-0.28399719323764666,0.9837330609819347,0.9096649043398882,False
201,COLM,4.7,47.18221506467326,-0.007883199821993052,1.2936008781321082,0.19594594245550523,False
202,COMS,-8.84,-0.8710407024055584,-inf,0.16083039847072075,0.6210462918734814,False
203,COO,6.008,64.2612242543735,-2.6020245279125884,4.615341862535771,0.38515896135030037,False
204,COP,10.379999999999999,10.635238856795624,-0.07754945773071362,2.3208621147819293,0.34670749744807616,False
205,COST,13.440000000000001,38.80834815241623,,1.0173460518012194,0.354537473062495,False
206,CP,4.6,16.93151382659058,0.5363587054653444,6.608764566580905,0.505348968780538,True
207,CPB,2.544,22.964247347028067,0.8831437826156618,1.315871706618376,1.227955227955228,False
208,CPRT,1.2439999999999998,28.53798295264782,1.2403636422386783,11.037369478363578,0.020117612869607043,False
209,CPS,-16.2,-0.9786024994363667,0.04266061817453047,0.07634153785594605,10.533426791566477,False
210,CPT,1.92,69.02242849452446,1.6299219856485285,6.640038995108307,0.7381579105686817,False
211,CR,3.44,10.394600468159508,-0.018105945945945945,1.668035478968723,0.6517749462534739,False
212,CRI,5.369999999999999,16.489532342910138,-0.06095459452757107,0.8502607418076589,1.4826515019292852,False
213,CRK,3.4699999999999998,-1.6257429781467332,0.003959186632057716,1.5907787700581622,0.9846610256531804,False
214,CRL,9.43,23.51048859622166,49.4617028946567,2.2785840233916943,1.0406488877271156,False
215,CRM,1.3279999999999998,143.66385145982105,6.913057689824379,6.084678363327412,0.24140235439263866,False
216,CRS,1.15,15.20765314034145,-0.4714518541134662,1.1934614766133556,0.49638278060310864,False
217,CSCO,3.0,16.173206167024592,0.5568154008103192,3.83402391580333,0.18918675174170857,False
218,CSL,13.91,19.465069543818075,-0.5289227553548506,2.11105144500456,0.8709496098399683,False
219,CSR,2.15,-60.65185073739993,-3.072142843216185,3.1845358695584096,1.3505388709510961,False
220,CSX,1.98,15.38862557755223,-2.091923028994827,4.107931582626674,1.4294653465346534,False
221,CTAS,13.344,34.2852144973104,3.580997208226745,5.689953509885079,0.6905804006536256,True
222,CTSH,4.29,14.295398852148141,-0.3455208801580195,1.7119943186163746,0.12462425867251604,False
223,CTV,-0.32,-7.587301494583252,-0.2107777807447645,1.1324621510843969,0.11568120896624062,False
224,CUK,-2.79,-4.297103973492314,,0.6974301351142762,5.0794167610419025,False
225,CUZ,0.99,30.833745536001974,-0.04347691232895305,3.5015478277098238,0.504707216088328,False
226,CVBF,1.75,11.35640279430082,-0.9173912932907331,3.8570829012665633,0.5106447621447491,False
227,CVS,2.28,6.75978000858124,-0.033264424034912664,0.2617422184012511,0.9896878366844366,False
228,CVX,15.77,10.839599956003953,-0.07707411183656304,1.5064993032660958,0.14652628671161838,False
229,CW,8.31,21.120949778688967,2.0131992814165702,2.8513126067538748,0.6960804048352534,False
230,CX,15.68001,-1.2719685567451111,-0.0009457720772308466,0.5367682561024832,0.8403961527473574,False
231,CXW,1.0299999999999998,14.120563760846235,-0.011007663025253123,0.6979754758788577,0.872923775907423,False
232,CYH,2.1700000000000004,-2.0473448018541607,0.16236979886889424,0.027828125855925707,-9.062179956108267,False
233,D,2.6999999999999997,-43.79888083731387,-0.5954782769872947,1.9056607493658562,1.6383200028693374,False
234,DASTY,0.7866666666666666,48.49680226448684,,8.286196252872088,0.4892417962712189,False
235,DB,2.461834,4.471885265587662,-0.056415241869789384,0.7494942980439173,2.0752087556885037,False
236,DBD,-12.380000000000003,-12.380000000000003,-0.027227586206896554,0.18692996169433973,-1.889926859294663,False
237,DCI,2.976,20.370639090032107,-2.1203703350490977,2.045062409209643,0.4964791398500795,False
238,DD,9.69,-2.5761861893659788,0.04907332944703493,2.7298060492456084,0.3046907430469074,False
239,DDS,45.584,7.295526093096687,-0.3753707164193875,0.7636448470250701,0.34475906607054146,False
240,DE,32.0,12.718694377703272,0.34652842766554665,1.842146723655547,2.561395716118843,False
241,DELL,2.6128128,18.57589146161843,-1.9364156355239808,0.4997740893643857,-9.477258167841127,False
242,DG,10.192,22.31549367525832,-0.5299352584881035,0.6634729604391018,3.186904657932517,False
243,DGX,6.87,23.977134355569802,-2.414693788449334,1.4647156020884895,0.7843203801119973,False
244,DHI,14.06,7.141460137255673,-0.18261422317714085,0.9998166557402814,0.31278645927316034,False
245,DHR,8.52,27.798221977116565,-0.6658488366680161,5.026929338782235,0.3928956511321433,False
246,DIS,1.23,60.20044225820433,1.9266748740003001,1.7276484816486688,0.5091044964634557,False
247,DISH,2.77,4.928104069681996,-0.0484988685107339,0.1664784610219213,1.3396677635766294,False
248,DKS,11.616,10.899569171211905,-0.48484830361572684,0.7432049741683862,1.665648692893949,False
249,DLTR,5.6800000000000015,29.66526326032899,-0.34349615539329637,0.844312113540397,1.1571159229846313,False
250,DLX,1.2097740000000001,25.26800786288532,1.5099264359941675,0.3480829997944362,2.8023833167825223,False
251,DNA,-0.71,-3.5104582846407,0.005350609559838365,10.305377332479257,0.23801271340920832,False
252,DNB,-0.04999999999999999,27.131251394748688,1.0325000286102295,1.8891980869284795,1.0244620352641958,False
253,DO,1.3299999999999998,9.17470393535605,-0.026580357601662646,1.170294128784197,0.7239351449968368,False
254,DOV,7.22,19.3486060304825,-0.8951678712027409,2.2230342467526207,0.858136006118003,False
255,DOW,2.42,-15.015818171911109,-0.21534313875086167,0.7041949531807752,0.8063519644753354,False
256,DOX,4.67,19.646613955559967,0.9248147792917076,1.9944583214722356,0.23504414303497473,False
257,DPZ,13.23,25.61021239248246,2.952095036453021,2.7774794228526547,-1.253824898873615,False
258,DRI,7.672,19.817948125696176,10.507419794033737,1.6055276772710556,2.067908244378833,False
259,DRQ,0.6,-120.31745571594733,-0.032620321620594375,2.40561173370908,0.005555961943775174,False
260,DRS,2.38,27.5723369401153,-0.0009106581812131339,1.8982776865208526,0.1852374236013164,False
261,DT,0.49,136.8649846230477,3.1425695684221058,11.144801090607832,0.04683996014627985,False
262,DTC,0.28,41.19097118576368,-0.25333333015441895,0.4902664218383108,0.3119837325893029,False
263,DTE,6.43,19.494948646156917,-0.13745012188418199,1.3538570706590387,1.8505338078291815,False
264,DUK,1.6400000000000001,-15.881985568255324,0.019302258530971162,2.3399306350150235,1.5380554600432839,False
265,DV,0.30000000000000004,103.7717250415257,7.977083444595327,9.385348308983328,0.09551364586552684,False
266,DVA,5.03,18.24206313715319,0.4484079123787635,0.6068360123696575,16.597021588430017,False
267,DVN,7.31,8.180877303655697,-0.030856306180403675,1.8726109519321554,0.5997134413898093,False
268,E,5.26,17.625968933634617,-0.0008060088222376253,0.48662903004886693,0.5819682609251448,False
269,EAT,2.24,5.0482684004600475,-0.057289160220592876,0.35343411374077616,-14.123354123354124,False
270,EBAY,2.47,-4.185760952861784,-0.5033846341646634,2.183552538399654,1.8026392392780903,False
271,EC,9492.025434666668,0.032399056455425755,-4.383301484623332e-08,0.00015572026647008507,1.2647333443181195,False
272,ECL,4.109999999999999,40.11566780718963,-5.719111497737144,3.0898617183392925,1.2324594740260637,False
273,ED,6.95,24.57742892915343,-0.07572267087120979,1.9799773689370026,1.1802097935901774,False
274,EFX,4.25,49.142217726492525,-1.628236022700772,4.421372514944556,1.462732212814356,False
275,EGO,0.06,69.77812708527954,-0.001994047688428687,2.2431273077325957,0.15959555165495865,False
276,EIX,2.48,3.1688273206076154,-0.3154763738458806,1.4191717106474784,2.118686383714231,False
277,EL,2.7800000000000002,-75.99789806557352,0.024988425219500506,3.1154885642363674,1.8207699194270368,False
278,ELP,0.704575,11.112769977959895,-0.7875418673626648,1.1056538703701706,0.6114114159698606,False
279,EME,10.059999999999999,15.160861329051276,0.4991004598906383,0.7754075395849448,0.27116790780653927,False
280,EMN,5.859999999999999,522.1291541480497,-0.8626631735531144,0.8639032721351302,0.9996118765767514,False
281,EMR,22.869999999999997,9.49716216273108,0.15979184806551439,3.2760190303603265,1.0009648784253184,False
282,ENB,1.87,4.346108046497909,0.47847220254322836,1.4354653660973122,1.3522133351144656,False
283,ENR,-3.42,11.544999851108457,-0.0009824603547932257,0.7772519462944831,27.735068912710567,False
284,ENTG,0.6000000000000001,-3.230089164100212,-0.30043147956468785,3.6225783536838887,1.82274984462399,False
285,EOG,14.84,8.212248627784,-0.06949163134339771,3.141751425511618,0.21687719439848258,False
286,EP,-0.31,63.053406314416364,3.0135415792465214,4.285316419657196,0.3444706056120704,False
287,EQIX,8.67,83.68593008019987,-15.182807480079596,8.55672532501481,1.43139254887421,False
288,EQR,2.21,31.48113676968696,-0.14755220960880494,7.734549813988882,0.6922192889762946,False
289,EQT,8.89,-11.666215762040382,0.005802455463088947,2.5844868233838953,0.5114725708916396,False
290,ERF,3.6100000000000003,5.543493136705938,-0.010010389016663776,1.836236065983171,0.2623431075047394,False
291,ERIE,6.760000000000001,35.461157433727436,1.2136002875262906,5.1832370789432485,0.0,True
292,ERJ,-0.5733333333333334,-1.1600804072019741,-0.22203496537983797,0.6416267997858879,1.2752482960077898,False
293,ESE,3.53,28.03955604902026,-1.514805245162699,2.7228144065453046,0.1696816412045142,False
294,ESI,0.57,43.96452130693378,-0.22186364260586824,1.8872447752572896,0.812561629153269,False
295,ESS,8.219999999999999,30.14446634685554,5.469937257833408,8.506484299311097,1.0543190681082337,True
296,ETN,6.77,24.453438639571644,1.199930346049022,3.516029542648768,0.5349219391947412,False
297,ETR,6.5600000000000005,23.55735365302689,-0.18771207922373181,1.5123895891263381,2.063715659422757,False
298,EW,2.26,37.555627778336245,-3.7559089660644496,7.493163502406692,0.11905212943668521,False
299,EWBC,8.920000000000002,6.785997600345516,1.4794471019353614,2.8383467452591984,0.04416844400271897,False
300,EXC,2.12,21.112890507082184,-0.13772058486938474,1.9751195230689933,1.6185741998060135,False
301,EXP,13.110000000000001,11.149167440471935,-0.7653141822866204,2.539605717679326,0.9235443546142597,False
302,EXPD,6.67,17.497620763718444,-0.0911250609808959,1.4396952499134525,0.16670787753523209,False
303,EXPE,5.68,3.2100423421171302,-0.4537305639894219,1.155104944822248,2.8699080157687256,False
304,EYE,0.32000000000000006,19.97727406489384,-0.4761458555857341,0.6014446687167151,1.1128693071790108,False
305,F,1.02,2.749657664820998,-0.09215686117567601,0.27506128317118866,3.248554645946071,False
306,FAF,2.31,161.07373716885238,5.850476905589796,0.7945039303937126,0.4889603429796356,False
307,FAST,1.97,26.21785256431866,5.9852001190185415,4.554175711719856,0.2535723318158826,False
308,FCNCA,735.46,7.243065215299302,0.17845245623365935,3.361871837184005,0.6426205754502173,False
309,FCX,1.45,27.465935282825683,-1.122482139723641,2.226472509122821,0.682738669238187,False
310,FDP,2.87,10.401810034926397,0.27786956248076067,0.27858626298734324,0.38709508059011916,False
311,FDS,11.783999999999999,39.28984533278052,-0.6698914147076227,7.9620602251098,1.1353395150287766,False
312,FDX,15.784000000000002,14.351373399115321,0.7438490904845272,0.6766229732912925,1.4693345599509353,False
313,FE,0.7899999999999999,11.123388454212321,-0.384634888438134,1.5736306430855207,2.130041314184537,False
314,FFIV,5.510000000000001,26.5869229232362,-35.939663368583304,3.1354298696051934,0.2519860444280994,False
315,FHN,1.89,10.419892574113511,0.6476767568877246,-11.03356040090457,0.4971525505876651,False
316,FITB,3.5200000000000005,8.347185505166168,-0.7999755570594491,1.8035260712825603,1.0706989092168293,False
317,FL,2.0215167999999997,-5.867479122452325,0.0036832318620563845,0.24746139700696426,0.9796538111144852,False
318,FLEX,1.72,13.630027404645595,-0.3794777743021647,0.3553332353443785,0.812371519342179,False
319,FLO,1.05,26.310396053516435,0.8860048038537424,0.8962440183718885,0.8139071149942146,False
320,FLR,-0.39999999999999997,-186.06240919658117,1.0082754382380734,0.331792763231018,0.6326987681970885,False
321,FLS,1.8000000000000003,23.931083775618838,0.8169827329701389,1.2323239836144322,0.8006660847466264,False
322,FMC,4.91,42.64834409196083,-0.0940252011400227,1.6457651561724824,0.9626863477314829,False
323,FMS,1.01,21.930138739209788,-0.14399999960874896,0.5283379876747452,0.855238008932617,False
324,FMX,39.017655,4.690729523620105,-0.03511411389873795,0.24514627350376073,0.8286845648681849,False
325,FNF,1.8900000000000001,4.37886909661011,-0.27970467976161417,0.9218611594471573,0.6506495817761168,False
326,FORM,-0.09,331.8888968891568,-0.20874999364217123,3.8319210108407242,0.06232207699017055,False
327,FOSL,-1.38,-0.16690793706727258,0.06393695157294399,0.06047110802815074,0.9096774193548387,False
328,FR,2.3899999999999997,23.759154997661305,-0.09219239543882637,9.817193852175645,0.8254230033683766,False
329,FRO,3.71,3.6816361105923434,0.11767288113232727,2.481293979858907,1.0468057845209084,False
330,FRT,4.66,25.466252809915787,-0.07335775559347336,6.478202045195547,1.5148198450107853,False
331,FTI,-0.269121,1009.2209251350442,2.0142857233683267,1.2714823932011061,0.42176408863650394,False
332,FUJIY,578.85,0.08955177123841346,0.0777582853933155,0.00785893032991927,0.1943075734353427,False
333,FULT,1.7200000000000002,8.545080156156383,0.757083342472712,1.8079344416655196,1.038937775922306,False
334,FWRD,5.66,20.654981018708266,-0.07594615121510913,1.075644791039392,0.392858758787632,False
335,GCI,-0.24,0.641362280925012,0.0029423076372880196,0.13218346401703324,4.6692184403973735,False
336,GD,12.18,18.790783206073066,-0.7844804380151085,1.5816745551968447,0.5652735889702715,False
337,GE,8.04,-354.11673763821926,0.060563195020632635,1.7379499910120215,0.7759971509971509,False
338,GES,1.984,3.6394446939913068,0.33802083333333327,0.44758811547220495,2.122509656196348,False
339,GGB,5.210952,1.2643024254931352,-0.01583029579976393,0.09812888870958922,0.29627169579519075,False
340,GGG,2.94,24.330385478851035,1.5861940500370688,5.414093125104639,0.06293166678496837,False
341,GHL,0.5599999999999999,5.202049794957673,-0.01011842968864614,0.9900933001371627,4.659725310014327,False
342,GIB,6.619999999999999,13.661555524390963,0.9083195106346351,1.640467523065186,0.5467325585296513,False
343,GIL,2.72,11.924513482281903,2.439970277604598,1.6499960835310332,0.5440498745591505,False
344,GILD,4.35,19.10601242279894,-0.15278914675390445,3.552291949254676,1.189589325286435,False
345,GIS,4.359999999999999,18.441393845294886,-0.7720635227425383,1.840390454977301,1.1202246975960803,False
346,GLG,-0.111299,-1.951892738654669,0.13345588656032786,0.15068356126421098,0.01963151867260415,False
347,GLW,0.73,-25.625096216346282,1.1084027952618067,1.742968028960294,0.6509826782145236,False
348,GM,7.17,5.074659132713081,-0.15535634994506833,0.24084736524273143,1.6919253009204627,False
349,GME,-0.5519999999999999,-119.01819501311725,0.006900793408590651,0.7876517539629823,0.46630870452998563,False
350,GNW,0.96,5.719848105130329,0.14097222222222225,0.35851878308391033,0.16135817307692307,False
351,GOL,-3.0074699999999996,1.1490237002711192,-4.950025954578027e-05,0.2462659223778575,-1.0858210064556484,False
352,GOLD,-0.03999999999999995,27.070990747430407,1.5684523809523814,2.7566186070077956,0.2305564094681832,False
353,GOOG,4.720000000000001,21.814496957031185,0.8593346710356605,5.938323405522105,0.10619807608220376,True
354,GPC,8.55,19.459336237861713,1.725098569465408,0.7900540173934412,1.0987976613321733,False
355,GPN,3.0,-145.47942950732804,inf,3.1157432437385495,0.6369262751784406,False
356,GPRO,-0.17999999999999997,14.949371670706991,0.06455952156157721,0.40366010850078593,0.3008965610840491,False
357,GPS,0.12800000000000003,-11.424242676826783,-0.13264957004123265,0.2911498913894919,2.695924764890282,False
358,GRMN,5.17,18.7797944147391,0.6738923491714625,4.042356672333591,0.01846143183642418,True
359,GS,23.439999999999998,17.608687704775523,-0.05290393074276677,2.173104817667326,2.6324786324786325,False
360,GSK,7.1412,9.938928089680944,-0.002099791399698593,2.5605787801094353,1.980279297980751,False
361,GSL,8.650803,2.0593061455460533,-0.10532474354449037,0.9743629702661376,0.9667849985152475,False
362,GT,-1.2900000000000003,-0.9189675307389882,0.12931355532635463,0.1701871849356536,1.681132075471698,False
363,GVA,0.98,-5.35783243794663,0.009394068535559819,0.49958897332975594,0.3363542689734485,False
364,GWW,34.7,18.09605491102629,1.358747238215263,2.1615001546251738,0.9890310786106032,False
365,HAE,2.6500000000000004,30.49162883769002,1.4458984136581416,3.706979424654498,0.9362943873877289,False
366,HAL,2.72,11.612377626444,0.8719583630561819,1.68955476487489,1.1251887267237042,False
367,HAS,-1.8499999999999996,-23.000388473543477,0.11690449489608222,1.503063616761653,1.3860721898039763,False
368,HBAN,1.5499999999999998,7.930265595188071,-0.7392628376300515,1.8317047551489385,0.660594439117929,False
369,HCA,20.330000000000002,12.845084464307412,1.3266574761029577,1.0596470918292178,-14.52837007589447,False
370,HCC,8.92,4.169769735271655,-0.18476645083803883,1.5266650109895632,0.23190018756282318,False
371,HCP,-1.328,-23.990937094071462,1.2919999837875362,7.521782436897828,0.01283693532998714,False
372,HD,16.848,18.91796124729148,-1.7599790025465576,1.8488755609539855,32.24327784891165,False
373,HDB,268.92,0.2386363431997693,-0.061920844767916525,0.11582774754024383,1.1132449765567325,False
374,HE,2.09,18.166304085418762,-1.0858395942171724,0.3498093743247791,1.5564052469490337,False
375,HHS,3.8200000000000003,0.011850369501094637,-0.003582329194708522,0.2103454187583071,1.1868353891960868,False
376,HIG,6.219999999999999,11.622956706590344,0.36991230883805076,0.9197134431763022,0.3196390580294916,False
377,HIW,1.44,18.62219359339084,1.872222158643933,2.3753109795855756,1.2908834709792814,False
378,HLF,2.27,8.042189783264535,-0.1562860088238484,0.2792869812948349,-2.278537009242436,False
379,HLT,4.79,29.744500737225092,1.279153012159292,4.03847977155727,-8.794010889292196,True
380,HLTH,-1.8299999999999998,-1.2773837237424432,-0.0919722219308217,0.6713736952673198,0.09539561556581681,False
381,HMC,516.04,0.07064674836296732,0.0009857178995172694,0.0029672431653304317,0.6826771508378844,False
382,HNI,1.6400000000000001,43.364255661307745,0.007274706440181982,0.7191562339698403,0.48775344687753447,False
383,HOLX,1.93,-10.95587277768089,0.08715973879509141,4.121178548299973,0.5790164472335015,False
384,HON,8.08,25.059372313948998,-6.774002242506666,3.3312803142288536,1.1299728621744904,False
385,HOV,25.736,3.328244993439566,-0.02420952808148257,0.1356636106743536,3.3713593500349837,False
386,HP,3.81,12.495056021288187,0.4012850272555311,1.4818604673306017,0.19620882077272886,False
387,HPQ,2.7183968000000003,-681.0296433902483,-0.18510705011862297,0.46435363060929563,-3.774503084304318,False
388,HR,-0.466419,-7.071949004197997,0.47781250874201453,4.2137774892451585,0.7534808790718783,False
389,HRB,3.57,-2.4688908293098386,-0.06511495829254153,5.14213872985898,60.34518463073852,False
390,HRL,1.608,28.276005688835596,-0.9249375343322749,1.4114049359162546,0.43756620331584534,False
391,HSIC,3.42,27.972773904207045,-5.329984437435025,0.7092039181760356,0.4344167150319211,False
392,HSY,8.69,27.950925785388016,14.063485902609271,3.6028157623678494,1.4521233843221972,False
393,HTLD,0.77,24.231955711880037,-0.05495391866212251,0.9324365048248755,0.5072748887462784,False
394,HUM,26.8,-250.72009494206196,-0.571964305081222,0.6586907762316605,0.7461302331656978,False
395,HUN,0.96,16.86152440907965,-0.03460769359882061,0.6110219279499624,0.4793046357615894,False
396,HXL,1.74,37.02366915915304,1.0976231158892853,3.2370487870776414,0.4655128040149273,False
397,IAG,0.03,12.193120828141337,-0.005261387421477656,-0.13056359527440886,0.4657874976534635,False
398,IBM,2.1499999999999995,13.865461660281705,-0.027436735489138428,2.074114515634756,2.461401749908859,False
399,IBN,104.7,0.21086628556688858,0.009491884935097615,0.05509568388557336,0.8814160797919606,False
400,IBOC,6.279999999999999,6.999142793500763,0.4587553304904051,3.2727117075021455,0.07119958880239677,False
401,ICE,3.01,2.4290136988313584,-0.5360001580600432,6.573416935010911,0.8093015062098123,False
402,IDA,5.390000000000001,21.946238099045527,-0.21216429029192244,2.71603958176811,0.7816024926983417,False
403,IDCC,6.19,15.578468655456572,2.1575539563153243,4.080401914978387,0.9113954434780209,True
404,IDR,-0.07,46.86953087647756,-0.01171875,5.640220125466168,0.1512138207374245,False
405,IDXX,9.42,45.862466731848244,1.9451832902666069,10.114680366455232,2.2150271792251828,False
406,IEX,7.73,28.920086984549307,-0.7135259947983338,4.38188730389442,0.4832362715098871,False
407,IFF,-8.52,561.123984686668,-0.0003334612781825227,1.4255715406701848,0.6185857674523514,False
408,IGT,1.33,20.10627757735505,-0.0065312725446962944,1.4002350231897915,4.366450683945285,False
409,INFA,-1.02,-73.80660435121692,-0.9430053048100032,3.8933005819352107,0.9312881231682261,False
410,INFY,0.72,23.852715112517533,-4.006805393430937,3.865752080261596,0.11011774967291757,False
411,ING,1.60081,7.722773395370494,0.14436216904631097,2.2410892086990772,2.394393572044002,False
412,INTC,-0.22000000000000008,-1.1212274571517842,0.9019500160217285,2.7329449107223414,0.4146100983011743,False
413,INTU,6.592000000000001,158.7372368876435,-3.4496922419621394,11.810811961021168,0.3821877352481325,False
414,IP,2.91,5.814648893020079,-0.010414734326104876,0.5754121201809744,0.6898905496057433,False
415,IPG,2.41,15.877769678849972,1.7000000253319736,0.9897522169941624,1.2422489651580362,False
416,IR,1.7200000000000002,32.36822536867908,1.6522916025585594,3.790814998434493,0.2993323038778573,False
417,IRM,1.290388,9179.472858300704,-9.797059112271978e-05,3.3012621821456842,20.869432734172285,False
418,ISRG,3.9899999999999998,65.33858987205049,2.19423812381805,14.098599819926042,,False
419,IT,11.540000000000001,28.90140418664114,2.5501382713493665,4.794507754135393,13.86487589882264,False
420,ITRI,0.85,31.015577193570987,1.4089836062807024,1.3653718263717534,0.4252524448575192,False
421,ITT,5.129999999999999,15.946308159563262,2.1746797561645472,2.4734960570033087,0.20061385169698856,False
422,ITW,10.110000000000001,22.307064532711674,3.6662191887338924,4.205781647742581,2.513924870466321,False
423,IX,1165.85,0.07145755145842035,0.011538105945024586,0.012507885333905167,1.7036717377930248,False
424,JBHT,8.19,21.475762833053146,-0.36237993636825616,1.3219806422041889,0.3441008539400366,False
425,JBL,6.6,13.89028349744431,-0.07004545365921173,0.469362270252498,1.1332868108862526,False
426,JBLU,0.08000000000000002,8.671781724173618,0.16414855355801788,0.15089101255925833,1.2301431378052203,False
427,JCI,2.99,49.19076841626184,0.39802643693274725,1.2494363787036136,0.5507745266781411,False
428,JEF,1.736,46.778000632290514,-0.03862941090440576,1.295086760537677,1.0815193622303325,False
429,JHX,1.1400000000000001,20.53848527201562,-2.342368502365914,2.9492989483631167,0.707707583467792,False
430,JKHY,5.02,34.0236217922179,-3.485185583976857,5.01778769978395,0.17096567630913082,False
431,JLL,6.359999999999999,152.97547227719855,-0.0023169109387916357,0.3049574754115811,0.5212343669551064,False
432,JNJ,12.1192776,-241.7883666637659,0.2909733165563574,4.014612516808407,0.5163663350867143,False
433,JNPR,1.25,44.35600531327498,-0.0411801815032959,1.4689239799859488,0.3841254944023597,False
434,JOE,1.47,34.12023805909687,0.5866300142728366,9.854478721578614,0.865919213638458,False
435,JPM,15.896,8.347371811546036,0.29964306526806533,2.787008604405932,1.596564864605996,False
436,JWN,0.76,-4.185259229703082,0.9249350560175917,0.1472316782180246,6.2787550744248986,False
437,K,2.5,-1.4707319944766386,1.4395448864015754,1.081525711213552,1.8195889368180664,False
438,KAR,-1.83,84.92047862750182,-0.20240213316540384,0.9409247641735614,0.26924159939928666,False
439,KB,10467.989112,2.4548009277134297,0.00015198699019493893,0.10380169981452396,2.9033789226317115,False
440,KBH,8.416,4.880369834831101,-0.04252704785703466,0.49944582828145456,0.502216321864513,False
441,KEP,-15989.804954,-0.0006118824851709646,1.7573312014093804e-06,9.838259031851287e-05,0.10267856306052603,False
442,KEX,2.9,23.69911562923991,0.7401474414727627,1.6291562208976853,0.41317983112918566,False
443,KEY,1.5,9.464058541415032,-0.07021753447396413,1.354373888656904,1.8353649472275904,False
444,KFS,2.11,-9.011908614861895,0.00045074691863306726,1.649004274060393,4.764296255303449,False
445,KIM,0.61,9.989469973505406,1.1506249904632568,5.885674090389135,0.7641804305140619,False
446,KLAC,24.09,17.10193768759914,-0.2341914431159033,6.059273935154552,2.0175460047476617,False
447,KMB,4.85,44.59554015329023,-0.056632448125768606,2.04656267856591,15.396709323583181,False
448,KMI,1.11,15.699422854643602,4.326399841308584,2.258110390347878,1.0340251122243185,False
449,KMT,1.4500000000000002,17.743237767563965,0.6190507998440992,0.8938565189437324,0.46717817361285885,False
450,KMX,2.928,35.845548274153984,-5.247626727140391,0.3602845171481347,3.3727882229301325,False
451,KNBWY,108.71000000000001,0.13574145662741113,-0.0002404305070065234,0.005537202618277587,0.53378495584793,False
452,KNX,3.16,20.560553392121015,-0.048081788245864135,1.2174494131588858,0.30079536311282185,False
453,KO,2.43,25.52133516790145,-2.1187051455179815,5.364984302815041,1.6241028832192492,False
454,KR,2.592,2.3739514532676544,0.0233700008392334,0.21983691203136466,2.0383463151587775,False
455,KRC,2.08,17.405762315426397,-0.3464933523610859,3.017299506741412,0.8070539026055872,False
456,KRO,-0.2,-12.340582690687262,0.03632222281561958,0.49434296527725946,0.4663602173004597,False
457,KSS,0.0719999999999997,13.5017132301443,-0.0585387077453865,0.1392025916936082,2.010629816635663,False
458,L,5.250000000000001,12.778868489558608,0.3505484341216563,0.9562729560011329,0.6178243595013015,False
459,LAMR,4.109999999999999,25.69102618691001,-1.145694414774577,4.014232189411035,1.0530336112379892,False
460,LANC,4.933333333333334,39.80114005135805,,2.508872418704312,0.03477693104340071,False
461,LAUR,0.6199999999999999,3.76329388327432,0.30365954496358577,1.7406814136925242,0.8367768595041323,False
462,LAZ,-0.17999999999999994,-2.233011720805144,0.042854155423979766,0.9267860843892348,3.956061768706994,False
463,LBTYA,-7.2,-1.6314412165788985,0.001507246763554442,0.9941754790902493,0.6867902158991639,False
464,LBTYK,-7.2,-1.7088299763571917,0.0015952258726899384,0.992938490041907,0.6867902158991639,False
465,LEA,8.76,15.627476829194006,0.42447503363335887,0.34795871001908535,0.5407324596815932,False
466,LECO,8.19,19.404713524407143,0.8095034455987655,2.4957539915082085,1.1642468722226682,False
467,LEE,-1.6600000000000001,7.7914578638371275,-0.007531151744775146,0.0824617081133103,34.41626124625125,False
468,LEG,1.698807,18.975099770131354,-0.5323718144343449,0.6488443843406309,1.393140002436944,False
469,LEN,14.815999999999999,7.401136223855213,-0.12842406260270156,0.8829140299685001,0.16793402626501525,False
470,LH,9.27,28.93203936303887,-0.13433508360567922,1.2658759660880023,0.6234673058257235,False
471,LI,1.66,6.926188564074459,-0.019338221879997227,0.5052899075594501,0.273400203898013,False
472,LII,15.49,18.231238460262613,0.4033445547608852,2.613790263425032,-8.615952732644018,False
473,LIN,11.46,28.811730014890493,1.3022290858841177,5.551226405317859,0.4475367242929949,True
474,LLY,7.089294,53.17518224039796,2.8796698570599912,18.93773189108254,1.5247798080715131,True
475,LMT,27.35,16.441043503136484,-11.927639514962934,1.6706774190628424,1.6651197927908483,False
476,LNC,-12.87,0.5124296833145349,-0.0011747534890911616,0.24985732204741054,1.2651901215209722,False
477,LNG,33.95,1.6127786421181514,-0.01609957587895389,1.5598462533248394,-9.413607275176828,False
478,LNT,2.62,21.987441675332096,-0.36232479780148236,2.9697200650735116,1.3891013384321225,False
479,LOGI,2.01,33.79064244547271,-0.8154545454545458,2.547124461923465,0.031456971243289215,False
480,LOW,11.864,52.988529140295554,-4.307233712773898,1.1453551353435834,-2.665497404237407,False
481,LPL,-6924.087368,-0.0008885586489368148,-0.00011549750463989208,0.0001418320515724158,1.524779826367271,False
482,LPX,2.9499999999999997,-37.73739699118821,0.003528085367862581,1.4311060242260076,0.2698744769874477,False
483,LRCX,33.14,16.848887876965215,-0.11894812711491641,4.746789751455747,0.6104063349708142,False
484,LSTR,9.376987999999999,18.875933919945286,-0.26585094259316466,0.9952075010668928,0.2213123900358535,False
485,LU,0.911259,0.8104966356022056,0.03862185033343246,0.13568709393441397,0.5699624720916483,False
486,LUV,0.8800000000000001,-6.562996220356536,0.29569602419029584,0.5767123344813212,0.8824740338729298,False
487,LVS,0.07,6.16076869442669,-0.17230286948569784,6.062506257921755,4.116980159752641,False
488,LYG,0.318571,6.823520519142755,-0.17047618684314544,1.6967742047782632,1.8154493728451466,False
489,LYV,1.03,-12.30684293734093,-0.3770211983950901,1.0268910348409364,-20.94370308703944,False
490,LZ,-0.04,55.53749978542328,-0.07141666412353516,3.0020781283814544,0.07919227392449517,False
491,MAC,-0.4,50.26951194124878,-inf,2.736474474859243,1.5697768106545773,False
492,MAN,5.88,14.703162014828337,-0.1166025362584033,0.180704597002081,0.5120336697585094,False
493,MAR,8.870000000000001,17.965024872041177,0.9768427792507125,2.4784155516466164,19.538732394366196,False
494,MAS,3.54,15.36402323326886,0.7346771352005215,1.3667872597358615,-13.0,False
495,MAT,0.6200000000000001,40.86302066842715,-0.0065763890743255615,1.553406186216952,1.262948013422166,False
496,MATW,-1.9820860000000002,34.0472331281958,-0.001988659626302635,0.6107888432108683,1.6395141620609515,False
497,MBI,-5.193005,-2.192799564448521,-0.06344228094429955,12.205250718639874,-3.518140589569161,False
498,MC,0.53,45.79069044761649,0.07191817108933274,3.430262041597799,0.4336651705868457,False
499,MCD,10.87,24.813424123607586,1.4425829971885265,7.788446657821066,-8.0017823233501,True
500,MCHP,4.32,17.476344917017837,0.8190583243450444,4.760369180492546,0.9886852124785065,True
501,MCK,26.810000000000002,14.064580034953323,1.5484731085946644,0.21523946939167182,-3.9283791060850834,False
502,MCO,7.76,39.73669702720854,1.8877859895879578,10.327134121900652,0.18816990869392616,True
503,MCY,-3.4699999999999998,-23.825017345020232,0.029064852265218252,0.39895097888110953,0.2760958156689536,False
504,MDC,5.380000000000001,7.332264102345585,-0.0580139231753421,0.550645603468402,0.539600437805487,False
505,MDT,2.728,37.43337674630094,-1.7830260091013725,3.113723079267588,0.4732435949730979,False
506,MDU,2.13,12.828878087466784,-0.4571433335860207,0.6067387660279544,0.8943015431003457,False
507,MEOH,3.06,13.108457813230261,-0.47752669566174816,0.6903239632285773,1.430708996582881,False
508,MET,2.567921,221.40981382539482,2.541323990771994,0.6626046175593844,0.6649408284023669,False
509,MFC,2.86,6.548293602330584,-0.16002859555038748,0.7691606141580196,0.2258247281367084,False
510,MGA,3.2399999999999998,21.43356864973095,0.7771610811021596,0.3617042222014117,0.46392318244170094,False
511,MGM,1.03,8.963278270756634,-0.014091378984780148,0.8371821302124154,7.009911148210018,False
512,MHK,-5.040000000000001,21.217179598059293,-0.0042966946946697525,0.4490140487775796,0.4016675659030516,False
513,MI,0.113156,45.59337322461359,0.27405404400181127,1.535231499901757,0.029576324682557307,False
514,MIR,-1.47,-8.483836593842712,0.08379807456945763,2.1137024176719335,0.6076383922185667,False
515,MITSY,14312.6,0.04195528840946457,-0.0613844232862966,0.004071165726540748,0.791576302461623,False
516,MKC,2.5759999999999996,32.613587545675,-0.8498732318315034,2.450012571713788,1.1378485204572162,False
517,MKL,139.89999999999998,24.91413694903154,0.8326216283770204,1.2952887277869747,0.3140804654444281,False
518,MKSI,-26.21,55.01252841332544,2.2877769242009647,1.3076592348311513,1.1527994646442115,False
519,MKTAY,45.51,0.6431392390125776,0.026908997109698764,0.008618004874008989,0.24230188743017522,False
520,MLM,15.241768,27.93441315209124,1.0852662403034106,3.983748629364933,0.7026544724514834,False
521,MMC,6.55,29.687102765610874,0.7225736207030841,4.332328068759436,1.2533258907805378,True
522,MMM,-2.84,12.056783498403739,0.02635680039925094,1.4464989949218197,1.0968178740690588,False
523,MO,3.81,28.095868815894892,0.9355958191405205,3.6729179147513262,-6.7153284671532845,False
524,MORN,0.5299999999999999,51.31560280209495,-2.0220953078497024,5.052631180149728,1.0965123022119128,False
525,MOS,6.33,7.212025677317647,-0.042305140079861456,0.7222887970127068,0.3004745076568281,False
526,MRBK,1.615,8.177511698903668,-0.4449293166399004,0.9985238955041096,1.0596816283924844,False
527,MRK,1.22,13.013275700226025,0.10889183370699239,4.472842206868066,0.6673262159987824,False
528,MRO,3.17,8.44114011821621,-0.028996174765414877,2.6249157480876812,0.5196981661840835,False
529,MRVL,-0.344,244.4037570953369,13.279200439453124,7.621398606242612,0.2872700995063055,False
530,MS,5.67,15.14362983529175,-0.7244336191136184,2.395891016670932,2.4586932425280357,False
531,MSA,0.32000000000000006,17.043692648398412,0.7275062575376122,3.5337869569736777,0.6201218739884882,False
532,MSFT,9.690000000000001,28.267165270916124,1.9602659060749157,11.471864309953196,0.2907774593522546,True
533,MSM,6.41,13.433092828939047,-1.0583878751799392,1.4035281356440612,0.6374010133038712,False
534,MT,4.87,8.931509693568248,0.09093030460842617,0.25901852945073184,0.21918272125225768,False
535,MTA,-0.2,-45.90625127156576,0.03233333428700765,48.493449367729966,0.08927914579512503,False
536,MTB,16.88,8.629152362670066,0.41487253847999506,2.010830477320592,0.29700177620735296,False
537,MTD,39.78,34.3975567031456,-38.44087658330479,5.653122850849,81.2541443149276,False
538,MTG,2.64,5.347283238000068,-0.17409876128773627,4.063699315484744,0.1427626789352839,False
539,MTH,22.75,5.273765763501952,-0.059716174016148656,0.64864924665706,0.29133172861833734,False
540,MTW,-2.9999999999999996,11.159852824325256,0.3155357142857143,0.21724313526866573,0.7807735217552993,False
541,MU,-3.1919999999999997,-19.92442881207041,0.0515554848237809,4.362205205486729,0.3157978241160471,False
542,MUR,6.459999999999999,8.423446857716995,-0.005921260988210945,1.9747056253934694,0.5578401537599104,False
543,MX,-0.89,-2.2299874467686984,0.020907440549016217,1.2684670991818892,0.012817847825426892,False
544,NATI,1.3499999999999999,37.67745587790172,-0.19238032770495048,4.607880136760973,0.5069170780988891,False
545,NBIX,1.73,16.344916232735056,1.4060688284594343,6.466001729663779,0.15394074247569972,False
546,NBR,-5.87,-21.552216783618633,0.029315342145744848,0.3788132589855839,6.877622263901387,False
547,NCR,0.46,43.91460497231666,-0.03247049728535717,0.27914851463477497,3.429059829059829,False
548,NDAQ,2.2199999999999998,25.41701375652086,-2.5938305224402485,4.07795143391348,0.9512274426922451,False
549,NDSN,8.904,26.624117020489315,-2.2702307009760414,4.7208139434528515,0.3215938981204032,False
550,NE,2.52,16.032707037046556,2.029115848424955,3.3863870938238336,0.18651348665196413,False
551,NEM,-0.96,29.05913463240336,-0.9242708064891674,2.8100334145563544,0.31683372946161,False
552,NFG,6.08,9.872642523007428,-0.12673997042471905,2.3066631805812383,1.2944921284525766,False
553,NFLX,9.39,174.23193927812054,3.287765738676681,5.532594002651068,0.6908022808049957,True
554,NI,1.44,37.87219227759491,-1.5743750333786013,1.9089587507579537,1.539549066715949,False
555,NIO,-12.69,-0.9485300364685396,-0.0492795865796135,0.292244683086279,0.9932053427651435,False
556,NJR,2.9,157.34518514744562,-0.006398809649956918,2.064765272770545,1.7209706087903984,False
557,NKE,3.336,33.07817460896853,26.89865514283577,3.046125137589606,0.8671808054841473,False
558,NKTR,-1.6300000000000001,-1.2670864473367867,0.17419355098278294,1.1296647052612152,0.35865349472776964,False
559,NLY,-4.18,1.7488795428266457,-0.017058910010313955,-0.9212084212218152,0.7803605412848457,False
560,NMR,36.620000000000005,0.1846868920691661,0.005670682350556038,0.01004554769593292,3.7293378225713476,False
561,NNI,5.09,24.66913320507428,-0.025867814386347863,2.7732928115970306,4.575611941259641,False
562,NNN,2.04,21.206296726509375,2.6905500411987266,8.06050874443777,0.9496913060791531,False
563,NOC,30.14,18.09053473193091,-1.9381917264325745,1.9431848171879156,0.9600966562173459,False
564,NOK,0.74,15.196874610015325,-0.22239583233992263,0.709292593334852,0.25870716729948906,False
565,NOV,1.05,23.598007332438076,0.6361088829655801,0.9884968923949817,0.46084924035839503,False
566,NRG,-8.84,9.311473284224135,0.42957525657511314,0.3086740116357983,2.168756530825496,False
567,NSANY,143.14,0.07882127544896073,0.0021709999431797885,0.00138855816178301,1.3708217963193987,False
568,NSC,11.12,23.30259900065224,-0.0785130570574505,3.6142224360595314,1.1923348778763843,False
569,NTAP,5.191999999999999,24.27297984982265,-0.47890045687004384,2.4938773099211375,2.0612597066436584,False
570,NTES,39.25,2.265184539675115,0.092738334842204,0.6603822897509218,0.262869491080686,False
571,NTRS,5.58,17.492119481819127,-0.7724166446261941,1.971712449487797,1.0997557618011458,False
572,NU,0.013699999999999986,189.12881003693184,7.12053586861917,9.609884915174998,0.12389038728563503,False
573,NUE,21.65,6.6373591503050555,-0.3464949206178933,0.944193304775676,0.3633701434300239,False
574,NUS,1.41,12.731393270220643,-0.08412604772744059,0.4782031907047682,0.5338327597582069,False
575,NVDA,3.5199999999999996,104.6448444629114,1.9808420351785831,35.58030083995126,0.5364010678249853,False
576,NVO,29.77,2.354457968078198,0.07402632453344303,2.1494764731443317,0.3088422010876075,False
577,NVR,468.38,11.144506416015773,-4.975637776339259,1.8063794141123612,0.28734456487861326,False
578,NVS,3.5900000000000007,26.079217852239424,0.7511672219659526,3.707785922505285,0.4712345387752351,False
579,NVT,2.7199999999999998,15.736333616042714,0.8022235003384679,2.6049255160780187,0.3965296335615185,False
580,NWL,-0.74,21.48345249039786,-0.6614285877772736,0.3409197945300169,1.6734867860187552,False
581,NWS,0.27,-87.7477634047705,0.06883928605488368,1.2367140582971075,0.5078125,False
582,NX,2.56,27.621291182591364,0.4304273556440307,0.7588605716287429,0.18864113072380523,False
583,NXL,-0.35,-3.703977380963889,-0.12375000491738318,12.242266557048575,0.1378541975476971,False
584,NXTP,-4.300000000000001,-1.1535511504520068,0.004370535839171637,2.065847433104597,0.20509745963060635,False
585,NYT,1.06,40.45387961091049,1.524621212121212,2.9186808731436202,0.0369995125055774,False
586,O,1.35,45.7060374411909,-1.6744047838544087,9.5310206935339,0.6307470141989651,False
587,ODP,4.29,14.836215622171709,-0.1179803291956583,0.2013719182188691,0.6845376845376845,False
588,OFC,1.69,16.582241928766642,inf,3.872281821066659,1.3441247280448423,False
589,OGE,2.19,29.10601344909377,-0.03518996138713689,2.3773941202306985,1.0306339783386957,False
590,OI,3.51,16.528045093516667,-0.020271097705065664,0.33219207827669917,3.086387434554974,False
591,OII,0.64,41.05446983196037,2.1005555656221158,1.1280113793054662,1.33314505024686,False
592,OIS,0.12,80.99583198626836,-0.16208333770434064,0.633615069291694,0.26059736816917506,False
593,OKE,5.42,12.442419109096553,1.7346875568230933,2.1083436827891404,2.1098668978585238,False
594,OLN,5.9,9.350925330519667,-0.05292092748686129,0.7503174471182279,1.1578078314200346,False
595,OMC,6.789999999999999,13.275207117916851,3.243610177336438,1.0211408564874964,1.9967098182712708,False
596,OMI,-1.3,1.7651402440200616,0.2628832588780601,0.10988466604355927,2.8536649591160783,False
597,ONB,2.1500000000000004,7.3709707590271805,0.9111063449940774,2.120451455360773,0.9328061584118067,False
598,ORCL,3.136,31.087368169705893,0.9489434719085694,5.609006586632125,58.14974293059126,False
599,ORI,2.64,1.8616666732011211,-0.10723150061475259,1.019208732984664,0.25897635496740296,False
600,ORLY,36.04,23.322064495674184,1.8663957912676625,3.5975086981573297,-6.170179269046865,False
601,OSG,0.55,6.386526092822418,inf,0.7043464944403679,1.9343421110734946,False
602,OSK,6.05,15.648031098925301,0.29452966485319837,0.650321848618885,0.18981699469504348,False
603,OXY,5.890000000000001,13.45215373895308,-0.02032076744806199,1.8588683911714075,0.6902110686388566,False
604,PAAS,-1.21,2.981328549809756,0.07228291368618064,3.4006032134587865,0.1033195944939578,False
605,PAY,0.060000000000000005,58.94999861717224,-2.025000055631002,3.304381144857614,0.027242125087177316,False
606,PAYX,4.368,27.09384186780405,3.096848392899421,8.347405338827553,0.2478243444406275,True
607,PBI,-0.78,4.784143168801143,0.18723213672637942,0.18037964199777873,41.6061530344748,False
608,PBR,4.624163,2.587685993359083,-0.04709124888623262,0.9551485702764201,0.7741754446554999,False
609,PCAR,6.963333,10.208742384234814,0.25749290534535507,1.3416313093289571,0.9814461802522955,False
610,PCG,0.909808,17.236587688375796,-1.3988331069353253,1.8230181366200755,2.3458353415414277,False
611,PCH,1.17,86.14843915615762,-0.12468750278155011,3.287880192644565,0.4563014520008148,False
612,PD,-1.168,-28.463510564805556,0.21543560606060608,4.823368518490622,1.2512179535061292,False
613,PDCO,1.9520000000000004,18.18924428147155,1.4107428850446428,0.45906696020395377,0.5614459985606173,False
614,PDS,9.5,20.282806469801585,-0.254085288611539,0.43170469476079765,0.9377536002808549,False
615,PEG,5.556,23.264217696292594,0.7854095579999865,2.6601994520956587,1.7078041443850267,False
616,PENN,4.38,20.19682967942169,-0.1910416682561239,0.47071527073217934,3.588097951468994,False
617,PEP,6.360000000000001,43.371348094932216,1.616721431013759,2.471516782079827,2.278325266779404,False
618,PFE,3.76,13.714058743838855,-0.027004213292938912,2.4648146736105243,0.36451636508085844,False
619,PFG,6.61,43.4078545810864,-0.013218576346346088,1.2067685541682656,0.40770069088254995,False
620,PFS,2.21,8.730291434097502,-0.24094827586206896,2.0576786458880827,0.8436255048654224,False
621,PG,5.9,24.689564872813403,-1.3770899681528657,4.255732531794649,0.7353022415807925,False
622,PGR,2.91,68.60316370527477,2.2378276850726153,1.6288114189629137,0.40200742558681013,False
623,PH,16.0,20.188583409007705,0.4495301968130183,2.5278746126968485,1.2161901048989783,False
624,PHG,-2.1886780000000003,6.16834267998085,-0.0014141333594261255,0.9319817611071611,0.6189901124613179,False
625,PHI,56.29,0.08449363194428139,-0.010069383552087368,0.022366246978298882,2.685763425827991,False
626,PHM,12.1,4.6837435729328405,0.21513976265370316,0.9221601213384285,0.2952893270861505,False
627,PII,10.709999999999999,10.612686976096805,-0.22943341970640924,0.578649255679067,1.9735213830755232,False
628,PKG,9.46,13.798119475141494,-0.40103571755545514,1.6190867651235898,0.7616645305554798,False
629,PKX,4194.25,0.00366325847206157,0.00020912321651882888,0.0003172806870003171,0.4785399240053476,False
630,PL,-0.5680000000000001,-8.192069576336788,1.2623332977294928,2.9713105080133078,0.03823962340133032,False
631,PLCE,-5.6,-3.3891965143320646,-0.17701165732588275,0.22949518348583556,3.2294703365766857,False
632,PLD,3.8,37.29559869947759,-4.893235220628632,12.511847791457747,0.44848196795621537,False
633,PLXS,5.28,22.601290229969823,-0.05644869984436879,0.5764389234086851,0.4520954504344588,False
634,PNC,14.552000000000001,9.412948095567994,-1.9764550022347336,2.0676767025426317,1.2826713855026872,False
635,PNM,2.7699999999999996,29.09895527952675,-0.04794449231956255,1.6883100752123645,1.983018533116765,False
636,PNR,2.9799999999999995,17.34503257268429,0.6068117042640586,2.4657605988906264,0.8556921827111259,False
637,PNW,3.58,-180.47845760226375,-0.027133180308587773,1.90347313397325,1.4676254044912853,False
638,POOL,15.09,26.748867367023546,0.8704322256727479,2.2792699520421436,1.3445863564751772,False
639,PPC,0.6900000000000001,76.88838904233091,-0.016050312679721433,0.3379668490187324,1.2050813604832982,False
640,PPG,5.569999999999999,24.846867925443178,0.6121051353733942,1.647504510013706,0.02776092233009709,False
641,PPL,1.04,29.099318958245792,-0.44010417328940493,2.044571511897181,1.022493711821775,False
642,PRA,0.178362,-8.701995882751937,-0.15508744220096848,0.823824763786257,0.24260027137042062,False
643,PRE,-0.41000000000000003,9.183035897357122,0.0899999993188041,1.274772191758119,0.028035296120530292,False
644,PRGO,-0.5,-95.69766376153716,-0.03362036440673674,0.8731309783191634,0.8481030957642345,False
645,PRK,8.6,14.213666093447607,-0.37287876986049534,3.089202941790808,0.38907490090963,False
646,PRU,4.37,-40.42146291892529,-0.17565348752883084,0.5788966383459551,0.6882947079397248,False
647,PSA,23.090000000000003,22.715242500073796,-0.011533740720747278,10.088412525565005,0.682076025557205,False
648,PTEN,1.6,8.200281502112098,0.34761905670166016,1.853955112067807,0.5137449317721821,False
649,PVH,3.728,7.934554760097697,-0.6167085049772362,0.48996495127122836,0.7638198974604504,False
650,PWR,3.9200000000000004,42.736456251573806,5.608364753003387,1.3070838577793154,0.7384633759973133,False
651,PX,0.12000000000000001,128.60312461853027,-0.35066668192545575,4.769599232022478,0.7828853990201914,False
652,PXD,23.46,9.407396199223236,-0.09189239932674594,2.9075663357751433,0.23357437558227231,False
653,QCOM,7.629999999999999,16.070734544521788,-0.19206936692070828,3.1791215206682115,0.8594903680675068,False
654,QGEN,1.4699999999999998,30.96778627583262,-10.033333036634616,4.330286516278765,0.5369653531936522,False
655,R,11.54,-9.137715933537102,0.003000349671061252,0.38730404107094873,2.1627511065713314,False
656,RAD,-17.25,-0.4066269608457479,0.03223891126850365,0.0006337169180994055,-9.06783052030615,False
657,RBA,0.92,15.666717367064686,4.316052599957115,5.445986057666683,0.47348847596442023,False
658,RCI,2.496,30.16127466551015,-0.05321734453952962,1.6689045938048177,3.6411018628616727,False
659,RCL,-0.31999999999999995,-0.9983915941418502,0.7891965040910599,1.7282172628045631,8.363725821001864,False
660,RDN,4.1000000000000005,5.3477911446506115,-0.12610560943340435,3.2444311094874525,0.40040700865225076,False
661,RDY,283.870879,0.2004883259359243,0.009506687247571225,0.04286557374158288,0.05785425640188782,False
662,REG,2.148206,27.91226440062152,inf,8.616138959448488,0.6462991134142531,False
663,RES,1.35,5.644850795806358,-0.8121093548834326,1.0529879941208364,0.03526147353203495,False
664,RF,2.34,8.592794863018272,0.4302797899689786,1.756140030241548,0.14322443092744716,False
665,RGA,15.260000000000002,9.003374825079163,-0.20083348645150872,0.5834273377846921,0.5593842677587911,False
666,RGS,-0.08,-1.6236111356152427,,0.1037207092128625,-14.991777838279337,False
667,RHI,5.04,15.600672833973565,-0.2358490566037736,1.1422493424135247,0.1516367262160532,False
668,RIG,-1.4,-7.011946166950193,-0.1886805577410592,2.0937946049966953,0.680845148735057,False
669,RJF,7.92,12.815906582709179,-0.7902272702868938,1.774216356583421,0.351977162190738,False
670,RL,7.82,23.689140745917637,-0.8677168504907449,1.1789510188104475,1.1773709113351163,False
671,RLI,15.579999999999998,13.463797070361863,-0.00568320415912101,3.511864375324797,0.16975795457730597,False
672,RMBS,1.6900000000000002,283.9566353930543,6.39736668586731,12.782262234404445,0.05707836678442237,False
673,RMD,6.1,35.499744979269636,4.579720343743169,5.045539251447679,0.382553294835254,True
674,RNR,8.0,4.49563592662477,-0.0031889296295948425,1.5750022620565112,0.21979000517156488,False
675,ROK,12.237131,22.668941835663837,1.1806820384779702,3.5549795181462938,1.5041458761373643,False
676,ROL,0.79,48.48863626617233,inf,5.6202969759413675,0.26541177101902863,False
677,ROP,27.169999999999998,28.080985608022715,2.9382354137944247,8.916272684997828,0.4153749267355872,True
678,ROST,4.664000000000001,22.19611791271513,1.1651223083260436,2.0643274128801776,1.3306136315888022,False
679,RPM,4.224,36.31524457389928,1.109386303151837,1.6383866913349583,1.386994357355057,False
680,RRC,6.87,17.660604477644984,-0.003712340209016093,2.4184257978042343,0.6477257001550066,False
681,RS,25.25,8.94163915173266,10.968226005494996,0.9193038005729801,0.2631853712221689,False
682,RSG,4.970000000000001,27.89543532211915,11.594317609613574,3.181938297355552,1.2166735494528185,False
683,RY,10.288,9.591512086651523,1.202099809090497,2.1021402675828194,3.934483269173823,False
684,RYAAY,6.589333333333333,-3.6492578579613073,0.003846647570293724,2.075707532099623,0.7294346978557504,False
685,RYN,0.55,72.55042610944925,-6.957321269171563,4.700452421192077,0.8596011579285944,False
686,SAN,0.577,5.487420611179726,0.2945096709924213,1.068205553349764,3.17562623451248,False
687,SANM,5.23,10.779586687484313,0.6826666937934027,0.31812078136963035,0.18629064364151554,False
688,SAP,4.380000000000001,44.945580331541535,0.44242956437704434,4.9175714291207555,0.35806652547651674,True
689,SBAC,4.65,63.573865555244346,1.523281503509689,7.658213524776244,-2.875331552418686,True
690,SBS,4.7059999999999995,2.2538878412327454,-0.03174931143416371,0.3458592675499885,0.6936048479353182,False
691,SBUX,3.2800000000000002,29.93724436217173,1.193040648095941,3.083891975219244,-2.7341097558174257,False
692,SCHL,0.10399999999999991,-4.741650897463515,-0.19882150162431533,0.8551899977083834,0.08673250322026621,False
693,SCHW,3.4299999999999997,19.29632044937406,-0.33186725654987376,4.481322773093742,1.0346918706293706,False
694,SCI,3.1399999999999997,21.23843652151404,1.6334342580092582,2.0322828135713635,2.5948884496749027,False
695,SCM,0.81,16.723314961966345,-0.8450416882832843,13.06799491114101,2.1906504740487187,False
696,SEB,348.90999999999997,-9.245144125160266,-0.03741512533598201,0.3890643008744834,0.3268614891913531,False
697,SEE,2.68,18.20686663239224,-0.34269473345383367,0.7610975955996367,10.90409764603313,False
698,SEIC,2.9600000000000004,20.001099159195388,0.551193173244746,3.861963433505272,0.014909224167581113,False
699,SFL,0.929938,19.402658334900178,-0.03334177802274894,2.1549745339805693,2.450491234211638,False
700,SHG,8410.558577,0.004534505633937417,-7.216799577369121e-05,0.0006901389213181107,2.4593120427288047,False
701,SHO,0.42000000000000004,26.835643533701287,0.5084659132090481,1.9128822142552382,0.3966697698422177,False
702,SHW,9.010000000000002,28.033221558543026,1.3328721374045804,2.6762138901522987,4.032075045936623,False
703,SID,-0.3713270000000001,14.854861333520162,0.1117858524922512,0.06652797098485222,2.135132171649435,False
704,SIG,9.096,12.278449658987373,-0.0683313950087673,0.4500467829963057,0.5959057516574091,False
705,SIGI,4.4399999999999995,22.31357709569299,1.0910256614773977,1.6201762191523235,0.19967558157936383,False
706,SII,1.38,35.801755031917125,0.8477231718245009,5.38738421591022,0.1963313869824107,False
707,SIRI,0.29000000000000004,17.643229373627243,0.9516666730244956,1.9188058804897579,-2.931065353625783,False
708,SJM,0.6959999999999997,17.46174608485419,0.7663180424841802,1.4046264957325831,0.5917320458660229,False
709,SKM,2675.6549999999997,0.007702715756634938,0.0002836831858619775,0.0004626858082898129,0.9793733522289527,False
710,SKYW,-0.07000000000000006,4.1466891898735945,-0.024295594604288945,0.5441488490833668,1.439865975530226,False
711,SLAB,2.1,80.44773178543534,-0.6286296420627171,3.2281785674327366,0.37691813854440687,False
712,SLB,2.74,16.89621274565225,1.1396825881231398,2.657903396820765,0.679637556284396,False
